genes	cluster
Traf1	1
Tdrd7	2
Gbp5	3
Hsh2d	3
Dpep2	4
Lbh	4
Ipcef1	5
Als2	1
Cxcl11	2
Xaf1	2
Ccr7	3
Pvr	6
Fgfr1	4
Sh3tc1	5
Pde4b	7
Capn5	3
Ildr1	3
Atf3	1
Ifnl3	6
Rnf144b	5
Ifi207	2
Lad1	3
Zbtb10	6
Inpp5d	8
Acvrl1	5
Sema4d	9
Fbxw11	7
Nrp2	1
Clec5a	8
Znfx1	2
Rasa4	2
Serpina3g	2
Etv3	7
Arid5a	7
Cd8a	3
Cd83	2
Cd80	6
Cflar	1
Rtp4	2
Slamf7	6
Tifab	5
Ell3	6
Ifih1	6
Arhgef3	1
Nfam1	5
Ifit1	2
Septin3	4
Hdc	6
Prr5l	3
Sema4f	10
Il1b	11
Mlec	5
Irf7	2
Grap2	12
Fam234b	5
Gnb4	1
Hhex	13
Cxcl16	1
Herc6	2
Ppt1	4
Tmem106a	3
Cln8	5
Tgfbr2	1
Tgfbi	4
Lrp11	1
Tbxas1	5
Cdkn1a	2
Il10	1
Ifit1bl1	1
Rasa3	5
Csf2rb2	1
Ifi206	2
Irf4	14
Arhgap8	2
Man2b1	4
Cd274	7
Nfkbiz	11
Oas1a	2
Rassf4	3
Mov10	2
Il10ra	6
Isg15	6
Oprd1	2
Cx3cl1	1
Dapk1	5
Cd40	1
Il12b	1
Unc119	9
Sdc4	6
Gadd45b	7
Ppp1r15a	6
Gbp2	2
Samhd1	2
Tor3a	1
B4galt5	1
Bcl2l11	1
Parp9	3
Otulinl	5
Mfge8	15
AW011738	6
Stx11	1
Lgals9	1
Spsb1	1
Ppfia3	7
Marcksl1	2
Il27	1
Parp12	2
Il6	1
Dapp1	16
Icam1	6
Slfn1	2
St14	6
Tnfaip3	1
Gm7609	1
Mfhas1	1
Ccl4	1
Vgf	7
Mab21l3	11
Ccn2	4
Socs3	7
Cd209f	11
Trim14	3
Csrnp1	6
Nr4a3	6
Adap1	3
Egr3	8
Adgrg5	5
Gpr132	1
Ehd1	3
Rtl8c	4
Slfn8	3
Pml	2
Cdc42ep2	3
Serpine1	1
Trim25	3
Gramd3	2
Swap70	3
Irf9	3
Itgb8	3
Ebi3	1
Rbms2	10
Tm6sf1	5
Cldn4	1
Furin	17
Ifit3	2
Bcl2a1b	3
Cmpk2	2
Lgals3bp	2
Bcl2a1a	6
Entpd1	4
Adamts4	7
Tpcn1	5
Cyp26b1	8
BC049352	7
Plxnc1	11
Siglecf	4
Adora2a	1
Gypc	3
Slc43a2	5
Hexa	4
Usp18	2
Cttn	18
Rgs1	1
Slfn5	2
Tnfsf9	1
Alox5ap	4
Dusp1	7
Tnf	1
Dusp10	5
Trim30d	3
Tnfsf15	3
Rab20	11
Gcnt4	1
Oasl2	2
Pdcd1lg2	11
Zbp1	2
Pla1a	2
Dusp6	4
Acod1	2
Cyp2s1	5
Rasip1	3
Pik3ap1	1
Tmem39a	1
Apol7c	2
Gm13889	7
Poglut1	7
Hspa1a	3
Hspa1b	3
Unc93a	1
Gbp7	2
Il1rn	1
Ccl22	3
Ifit2	2
Dusp2	7
Oas3	2
Glipr2	3
Hepacam2	4
Acss1	5
Rtl8b	5
Zbtb32	6
Kbtbd11	5
Ier3	1
A530032D15Rik	2
Cxcl10	2
Ifnl2	6
Cd69	1
Parvb	4
Bcl3	7
Ifi204	2
Gca	3
Ifitm2	1
Sh3bp4	1
Sp140	2
Dhx58	3
Arhgap18	5
Gpr157	2
Oasl1	2
Parp14	2
Gm5431	2
Tlr12	5
Fads1	5
Abtb2	7
Phf11d	2
Chst7	1
Maf	2
Birc3	6
Ccl5	3
Ifit3b	2
Fscn1	3
Tnip3	1
Lyz2	15
Rsad2	2
Ddx58	2
Fam89a	7
Ifi213	2
Nsun4	3
Rftn1	19
Car13	1
H2.DMb1	4
Slc35c2	5
Flvcr2	11
Tpm2	20
Ccl17	11
Itgb5	1
Rapgef5	21
Apol10b	18
Arhgap28	6
Cass4	22
Klk1b16	19
Hsd17b4	4
Itgb7	5
Rnd1	7
Pou2f2	1
Rab7b	8
Ptpn7	5
Daxx	3
P2rx7	4
Jdp2	7
Slc9a9	5
Slfn9	3
Mgll	19
Klhl6	5
S1pr1	1
Trib1	7
Pianp	9
Ifnlr1	1
Zfp36l1	2
Pgbd5	4
Batf	11
Gpr31b	1
Dusp5	6
Fcgrt	5
Dapk2	5
C3ar1	1
Mmp13	12
Serpinb1a	7
Nipal1	6
Xdh	16
X5031439G07Rik	5
H2.DMa	5
Cd200	1
Cdkn2b	1
Themis2	1
Mapk14	5
Anxa2	6
Tor1aip2	1
Kctd14	1
Ano6	5
Hip1	5
Pdlim2	5
Plagl1	2
Lrrc1	9
Nectin2	3
Vwa1	23
Tgtp1	2
Myof	4
Gm21188	1
Cyp8b1	8
Pak1	5
Hcar2	1
Trim34a	2
Rtn4rl1	5
Mtf1	3
Cxcl9	2
Mettl7a1	4
Snn	1
Ehd4	2
Relb	3
Mylip	1
E2f2	9
Dbn1	5
D730005E14Rik	6
Dll1	1
Gstm1	12
Ifi208	2
Idh2	20
Macc1	6
Cd84	5
Nfkb2	6
Phf11b	3
Ctnnbip1	5
Ccl3	7
Ell2	1
Nlrp3	22
Gm6548	2
H3f3b	3
Peli1	2
Ints4	6
Ehf	11
Stat5a	7
Il15	2
Smyd1	7
Pfkfb3	6
Dlgap3	7
Sipa1l1	6
Adgrg6	1
Dusp7	5
Laptm5	5
Bhlhe40	2
F11r	1
Ifnb1	6
Mmp19	3
St6gal1	5
Rgs12	1
Procr	1
Klk1b9	19
Smox	1
Cacna1s	7
Maml2	3
Slc46a3	9
Tmcc3	3
Fam102b	4
Gbp4	2
Tnfrsf9	1
Hnf1b	19
Cxcr3	9
Map2k6	23
Arhgef6	5
Prdm1	1
Slfn10.ps	3
Carhsp1	1
Ms4a4c	2
Tspan9	9
Hamp	1
Nck2	1
Osmr	7
Grina	1
Iqgap2	8
Tmco3	3
Rnf114	1
Ptger4	3
Sp110	2
Unc93a2	11
Plce1	5
Tnfaip2	3
Csf1r	20
Zfp36	1
Dyrk2	1
Cptp	7
Arhgap42	21
Dcaf12	9
Zfp703	1
Elp5	3
Gbp9	2
Ms4a7	1
Oas1g	1
Batf2	1
Sp100	2
Btg1	2
X1600014C10Rik	10
Tm9sf4	1
Nfkbie	2
Sema4a	3
Gm19510	1
Rab19	8
Bcl2a1d	3
Ptpn18	4
Rhbdl3	7
Hc	7
Frmd4b	2
Gbp3	2
Hnrnpll	5
Slfn2	3
Ctdsp2	4
Cdc14a	9
Riox2	11
Lpar5	5
Ddx60	2
Fam149a	5
Pim1	6
Pttg1	6
Mon1b	19
Plgrkt	11
Lrrk2	5
Csrp1	2
Prxl2a	24
Adam8	1
Rnf130	5
Nudt9	6
Mmp25	3
Ksr1	14
Abcd1	8
Dph5	7
Eif2ak1	1
Tnip1	2
Psap	4
Pdxk	23
Nfkbia	7
Tlr11	9
Pdp2	18
Cxcl2	1
Arhgap22	7
Asrgl1	19
Cyb5a	5
Tpbg	1
Mxd1	6
Tmem176a	1
Slc39a10	23
Otof	1
Ccpg1	5
Mospd1	9
Mul1	6
Serpinb8	8
Plat	6
Alas1	7
Chn2	5
P3h2	15
Rassf5	5
Oas1b	1
Sowahc	2
Epha2	8
Fgd1	5
Bcl2	8
Cblb	1
Klf4	4
Lilr4b	1
Isg20	2
Arl5c	18
Ing1	19
Rps6ka1	5
Ly75	7
Stat5b	7
Ankmy2	23
Dennd2c	4
Prkag2	5
Scin	2
Zhx2	1
Dennd5a	3
Rnf213	2
Ap3m2	3
Tlr9	3
Sh2d3c	9
Cd68	5
Rgs14	8
Il1a	1
Rapgef2	3
Tslp	7
Unc119b	4
Rhou	1
Tnfrsf21	5
Dhrs9	5
Gpr160	6
Entpd5	5
Fndc7	5
Slc6a6	3
Gas7	5
Arhgap25	5
Cers5	5
Ric1	11
Creb3l1	25
Spry4	8
Rel	3
Plagl2	1
Nub1	2
Adm	1
X9130015A21Rik	1
Bcl2l1	11
A530040E14Rik	2
Pax6	5
Scn1b	1
Atxn1	26
Naaa	5
Svil	4
Atg9b	23
Atp13a4	1
Tmem184b	2
Cfp	4
Tgtp2	2
Snai1	7
Ubald1	23
Pid1	8
Adar	3
Erp29	4
Dll4	6
Il12a	7
E230013L22Rik	3
Entpd6	23
Skil	2
Ptgs1	4
Fzd1	5
Fgfbp3	1
Mapk6	1
Epb41l5	1
Otud1	16
Stat1	2
Zfp217	2
Txlnb	1
Suox	7
Spock1	1
Sp6	11
Tle3	1
Meis3	27
Fam107b	11
Ube2l6	2
Sbds	2
Gm10451	20
Gm12250	2
Naga	5
Lilrb4a	1
Myd88	1
Eef2k	5
Cdk5r1	3
Flnb	7
Slc9a4	8
Zfp36l2	4
Zfp811	11
Tagln2	3
Casp4	1
Sgsh	5
Add3	9
Ptger3	5
Cyfip2	9
Exoc3l4	3
Igbp1	11
Htr7	16
Ppfia4	5
Anpep	23
Serpinb9	26
Nup62	7
Socs2	3
Icosl	2
Irf2bp2	8
Ifi47	2
Frmd4a	2
Gpr146	21
Kctd12	9
Pacc1	5
Sp8	4
Smad9	5
Sema7a	1
Ifitm6	1
Rnf135	3
Pnrc1	10
Sgcb	2
Rhoc	3
Wdfy4	5
Map3k8	11
Cd200r1	13
Rhbdf2	7
Nrg2	5
Eif2ak2	2
Rbms1	2
Slc12a7	15
Spata2	1
Nkain1	7
Ccdc149	1
Ncf2	5
Impa2	5
Oaf	6
Tnfaip8l3	8
Slc49a4	1
Plxnb2	15
Cd9	7
Malt1	6
Hsd17b7	17
Pdzk1ip1	7
Marveld1	4
Iqsec2	11
Cfh	4
Hps3	8
Extl1	3
Myo1g	3
X1110032F04Rik	7
Eps8	5
Egr1	8
Ccnd2	6
Hdac9	5
Smap2	1
Pstpip2	3
Mob3a	1
Phf11a	3
Ifngr1	8
St3gal1	1
Map1b	1
Ago4	5
H2.T24	2
Slfn3	2
Sqstm1	11
Tmem200b	6
Bst2	2
Slc66a2	4
Scarb1	28
Fzd10	4
Fzd7	28
Sh3bp5	11
Nid2	4
B4galnt4	1
Bri3bp	5
Basp1	6
Selplg	6
Pnp	2
Arrb1	5
Acox3	8
Il4ra	3
AI504432	12
Plp2	4
Rnf125	29
Zfp296	19
Arhgap9	5
Mlkl	10
Gucy2c	5
Wdr59	7
Arl11	5
Etv6	3
Ninj1	1
Dnase1l3	2
Cgnl1	5
Dmwd	8
Zc3h12a	1
Fam53c	3
Gm12185	2
Mafb	4
Cct3	3
Dhx40	11
Stk39	3
BC028528	8
Gfi1b	11
Etl4	26
Qpct	4
Plau	8
Nfatc2	9
H2.Q4	2
Lif	16
Nt5c3	2
Cbx6	9
Blnk	11
Tesk1	1
Parvg	5
Marchf5	2
Daglb	23
Timd4	2
Shroom4	5
Osgin1	4
Heca	1
Agl	5
Ndrg1	1
Zfp282	5
Ptgs2	11
Npr3	9
Lipg	17
Lpar6	8
Fam168a	9
Nedd9	9
X1700003M07Rik	11
Alpk2	1
Rasgrp4	5
Il2rg	2
Hck	11
Anxa4	2
Insl6	3
Oas2	2
Sulf2	9
Igf2bp2	1
Slc11a2	1
Ccl12	1
Was	5
Egln1	4
Mrps7	19
Stra6	7
Ankrd63	30
Atp2a3	25
Igsf8	4
Mif4gd	3
Septin6	4
Acadm	5
Dna2	5
Serpinb9b	1
Tbkbp1	9
Chst11	21
Rabgef1	1
Metrn	23
Ermp1	9
Col4a2	24
Mamstr	3
Palm	5
Dennd4a	1
LOC101055843	2
Rnf19b	1
Mtmr12	1
Pgap2	3
Il21r	3
Slc22a15	1
Nup210	5
Slc2a6	2
Srgn	1
Antxr2	8
Tnfrsf1b	11
Parp1	5
Ikbke	7
Phf20	16
Dipk2a	5
Rab27a	23
Slc25a22	2
Dtx3l	2
AW112010	1
Erich3	15
S1pr2	8
Ryr1	5
Pim2	25
Zdhhc9	4
Jup	4
Ifi35	3
Lrrc8d	28
Adi1	23
Tpm1	25
Papss1	5
Col4a1	24
Tcf19	23
Kcna3	12
N4bp2l1	2
Tmem63a	9
Pofut1	1
Atp6ap1	4
Itga5	1
P2ry2	1
Lap3	6
Cyth3	17
Sppl2a	2
Dmpk	4
Nos2	1
Gbp2b	2
Proser2	5
Uvrag	8
Anxa7	16
Dennd3	6
Helz2	3
Rusc1	9
Fam49a	3
Ncf1	2
Tle5	4
Ppfibp2	11
Rnase6	5
Rtl8a	5
Naa20	1
Sigmar1	23
Samd9l	10
Bnip5	25
Gpd1l	5
Hes1	4
Hlcs	5
Mt1	15
Cat	5
Mctp1	5
Rras2	19
Apol9b	2
Cenpo	5
Trp53inp2	1
Ube2f	1
Igfbp4	11
Rps6ka2	17
Ncoa7	2
Gpr34	8
Stx6	1
Ddr2	27
Gramd2	14
Fbxl14	4
Tchh	4
Stxbp1	16
Fam214b	1
Fosl2	21
Junb	1
Pcgf5	6
Rab12	6
Ikzf4	7
Sgms1	4
Rilpl2	1
Heatr9	6
Zup1	2
Tac1	29
Cited2	6
Rap2a	3
Synpo2	1
Rnf34	1
Cers6	18
Plekhm3	5
Fam129a	6
Farp1	18
Zbtb5	7
Urgcp	19
Srgap3	5
Kcnk13	5
Cdh1	4
Narf	23
X4930552P12Rik	1
Def8	5
Ldlr	1
Plekho1	8
Itga1	4
Plpp3	5
Resf1	2
Plpp1	8
Tbc1d1	6
Clec4a1	1
Ocln	7
Tent5c	1
X1700025G04Rik	5
Manba	5
Slc7a7	9
Lrp1	15
Sh2b2	5
Cpne8	29
Kif21b	1
C1qb	1
Tgfbr1	24
Slc38a9	5
Abhd15	23
Atp6v0a2	24
Cd244a	4
Osbpl3	4
Prr5	5
Slc23a2	10
Ccr3	1
Rarb	8
Asb13	1
Bco2	19
Rhof	3
Otud7b	6
Gucd1	2
Polr3c	2
Fndc3a	1
Kcnn1	1
Mx2	2
Tor1aip1	2
Cd34	4
Ptpn12	4
Cfap298	23
Tbc1d32	3
Pdgfb	11
Itgax	23
Ttc39c	6
Tmem120b	1
Gpsm3	5
Ostm1	4
Gm5861	17
Map2k1	6
Arap2	32
Sting1	4
Etnk1	2
Tmem176b	1
Traf4	25
X5730507C01Rik	29
Dgkh	1
Evi2a	8
Adap2	2
Plod3	1
Myo18b	2
Tmem131	3
Sec23b	7
AA467197	6
Zyx	8
Itpkc	7
Gpx1	4
Zfp599	11
Paqr4	5
D17H6S56E.5	1
Asah1	5
Depdc7	1
Gpr33	16
Rasgrf2	5
Rmnd5b	5
Kank4	9
Tanc2	8
Mllt3	9
Ccl1	1
Gpr68	7
Hs3st3b1	8
Lgals1	32
Plbd1	5
X4930486L24Rik	8
Tnfsf13b	5
Fut8	1
Cd8b1	3
Colgalt1	5
Mmp9	15
Stat3	6
Abca3	22
Xrcc6	23
Tmem8	5
Bank1	9
Adgrb2	19
Igtp	2
Parp11	2
Rasgrp3	5
X1700017B05Rik	23
Col5a3	3
Bbs9	5
Nupr1	1
Pigz	11
Lrrc3	5
Slamf8	8
Zfp652	5
Dnd1	18
Pde9a	9
Cgref1	4
Larp1	6
Tram2	4
Ct55	15
Fcgr4	1
Crlf3	18
Cxcr5	1
Ralb	4
Ckb	5
Pmvk	7
Adss	14
Zdhhc14	1
Lyz1	15
X1110002J07Rik	2
Amz1	5
Il16	23
Kdr	1
Gm6455	17
Tspo	6
Clec12a	4
Ctnnal1	3
Plxdc2	4
Gm1070	19
Cd302	23
Ppif	14
Nrp1	8
Inpp1	8
Cadm1	5
Agfg2	4
Ifi209	2
Gm1966	2
Smarce1	3
Spred2	4
H2.DMb2	5
Bahd1	1
Dok1	3
Epcam	17
Smim3	1
Pik3r5	1
Jarid2	24
Arhgap19	23
Stard8	8
Acad9	11
Itga8	4
Tbc1d31	5
Gpr4	11
Man1a	12
Clec2i	3
Cabp4	11
Anxa3	1
Speer1	1
Nlrp1a	9
Mpp1	2
Itgae	9
AI606473	9
Pmaip1	2
Emp2	4
A4galt	1
Lrp5	5
Itgam	15
Cerk	9
Fam126a	1
Anxa1	1
Slamf1	1
Relt	7
Ncoa5	3
Creld2	30
Trafd1	2
Usp22	16
Elk3	24
Gtf2h2	5
Fzd10os	15
Ust	30
Scn4b	3
Hrc	11
Il1rl1	4
Clec2d	3
Golm1	23
Gjb2	2
Txndc16	5
Gpr155	4
Lipa	5
Mthfr	2
Misp	2
Laptm4b	1
Cnpy4	23
Rrad	7
Ddr1	19
Lmo2	5
Nfkbib	3
Cybb	26
Chst12	9
Fam72a	11
Mob3c	2
Dnaja2	6
Nfkb1	3
Ube2z	3
Camk1	9
Bcl6	34
Ccser2	2
Ocstamp	5
Aida	26
Gm3336	4
Pdk1	8
Large1	1
Atp2b1	1
Tmem86a	8
Npc2	2
Tbc1d10a	7
Slc25a19	11
B3gnt2	1
Skap2	5
Nudt17	7
Tnfrsf13b	6
Slc9a3r1	7
Il1r1	17
Suclg2	20
Zfp704	15
Dhrs7	30
Cd24a	4
Bcl2l14	2
Pi4k2b	2
Arhgef7	5
Tlr3	5
Apobec1	7
Cers2	4
Snx25	5
Map3k9	5
Abcc8	9
Fuca2	8
Mxd4	30
Arhgap6	8
Cdh17	5
Rufy3	1
Dop1b	26
Itch	5
Cpt1a	4
Itpr2	1
Elavl4	24
Pigv	6
Galnt7	19
Mdfic	6
Olfm1	9
Vim	9
Cfb	7
Stat2	2
Apol9a	2
Ifitm3	1
Ctsa	15
X4931428F04Rik	1
Gjc1	35
Prkd2	5
Ezr	7
Sdc3	22
Fam32a	18
X9930111J21Rik1	26
B4gat1	23
Bend3	17
Ifi214	2
Il2ra	7
Rab8b	3
Fcrla	9
Klk15	11
Mical2	5
Prr7	5
Aftph	2
Fermt3	5
Gtpbp1	3
Slc43a3	18
Amn1	1
Fat3	4
Cyp4f16	23
Csf2rb	1
Mthfs	3
Ppm1h	28
Clec4a2	28
Casz1	10
C1ql4	19
Kcnk6	3
Tm4sf5	1
Trim30a	2
Tmem229b	13
Ifit1bl2	1
Arhgef9	9
BC147527	2
Bmyc	5
Ston2	20
Fndc5	20
Cdc42ep1	25
Tlk2	3
Tnfsf14	1
Ido1	1
Chpt1	1
Synpo	9
Dip2c	5
Fam102a	22
Pogk	1
H2.Q6	2
Tmem229a	20
Tnfaip8l2	4
Ssh1	1
Hsd17b11	1
Cep19	5
Hmga2.ps1	8
Tlcd1	7
Aldh18a1	23
Inpp5b	3
Hdgfl3	5
Otud5	1
Card11	8
Lpcat1	5
Prcp	5
Abhd17a	5
Kit	3
Npc1	30
Col4a3bp	5
C5ar1	16
Ier5	1
Denr	1
C9orf72	2
Fnbp1l	6
Smarca2	9
Pald1	8
Shc2	7
Gna15	8
Faah	3
Irf2bpl	25
Tspan14	4
Eif2ak3	5
Clec9a	5
Mapkapk3	18
Rad51	3
Znrf1	1
Serpine2	11
Ttc9	4
Timd2	17
Mns1	9
Kif1a	7
E2f6	23
Fxyd5	4
Zfpm1	17
Chek2	9
Ahr	6
Tmtc1	9
Slc9a2	15
Hax1	19
Mbp	27
Acsl1	16
Mgat4a	18
Grk6	5
Sgsm3	5
Hs6st1	29
Ncor1	18
Scube3	3
Rnf24	1
Hk2	7
Arfrp1	7
Csf1	6
Cysltr1	8
Pnpo	20
Prpf38a	6
X2310001H17Rik	1
Ankrd33b	6
Gem	4
Me2	9
Tra2a	3
Fzd8	21
Ergic1	25
Pfkm	5
Cd36	5
Gpr141b	5
Dennd2d	5
Adam23	34
Mtmr14	2
Zfp608	5
Bbx	16
Bag2	5
Mt2	24
Aunip	19
Susd1	5
Aebp2	3
Fcgr3	15
Tespa1	22
X1700009J07Rik	5
Tnfrsf11a	6
Xxylt1	5
Pawr	4
Iffo2	16
Clstn1	20
Ppp1r16b	8
Sh3pxd2a	19
Igf2r	4
Rpn1	5
Slamf9	34
Prss30	5
Sco1	1
Wipf1	5
Casp3	27
Parp10	2
Cd72	19
Lifr	8
Rab29	2
Ptprj	3
H2.Q10	1
Mtmr4	32
Sdcbp2	6
M1ap	10
Zbtb21	2
Tbl2	23
Tagap	11
Mvp	6
Wars	3
X2900026A02Rik	9
Gbp6	2
Map4k1	9
Slc22a5	8
H2.D1	2
Clic4	3
Axl	2
Tnfsf8	1
Foxf1	26
Pnpla7	5
Pglyrp2	2
Irgm1	2
Slc25a44	6
Tcf24	4
Rap1gap2	23
Orai2	8
Pcdh1	5
Eogt	4
Fuca1	8
Atp6v0a1	1
Man2a2	23
Klk1b11	11
Ivns1abp	13
Ptpre	36
Oas1c	2
Nfatc2ip	19
Casr	1
Zfp398	5
Zadh2	24
Rbpj	2
Atp8b4	8
Il7r	3
Cd99l2	5
Slc35f5	28
Abca17	32
Coro7	8
Cdkn1b	3
Ncapd2	9
Upp1	2
Ahnak	3
Cttnbp2nl	2
Acads	23
Tec	1
Ext2	23
Gusb	4
Ftsj3	25
Gm16712	7
Fam171a2	9
Plpp2	8
Dtx4	28
Heatr6	11
Plcb2	5
Prkar2b	4
Gm266	1
Nuak2	2
Myo10	7
Irgm2	2
Ctla4	1
Ccdc28b	5
Slc6a8	17
Smpd3	17
H2.Ob	9
Dnajc7	3
Dlx1	22
Sipa1	5
Tspan3	3
Scrn3	5
Ttc39b	2
Wfdc21	19
Ctnnd2	4
Cyb5r1	4
Kif1b	10
Kremen2	9
Washc1	7
Psd	3
Zc3hav1	2
Txnip	4
Acp6	23
Avil	20
Eno4	1
Akap17b	4
Cpeb4	1
Slfn4	3
Nmi	2
Hadh	30
Ctnnd1	13
X1700030C10Rik	15
St8sia1	22
Iigp1	2
Josd1	19
Dcaf6	6
Traf2	1
Chrna5	16
Ccl9	11
Mrvi1	9
Tap1	2
Gpr137b	1
Hspg2	23
Cdk1	1
Net1	10
Pfkp	16
Serpinb1b	1
Mvb12b	9
Derl2	18
Gsdmd	18
Hes7	7
Ap1s3	8
Rnf31	1
Tex14	18
Gsap	34
Pstpip1	10
Rgs19	5
Ptgis	5
Ptpro	8
Heg1	19
Plxna1	24
Il6ra	9
Nt5c3b	20
Ascc3	2
X4930523C07Rik	3
Dpysl2	8
Itgb2	8
Slc9a3r2	9
Cryz	23
Dlg5	27
Tnik	27
Siglecg	9
Lamc1	4
Mras	4
Hmbs	5
Gsto1	14
Klf3	8
Ilrun	6
Ctns	23
X4930599N23Rik	2
Mllt6	3
Abcc4	23
Nid1	1
X2510009E07Rik	23
Sgk1	24
Fam20c	15
Sh3bp1	22
Tbc1d4	2
Pparg	8
Gm4827	1
Mylk	1
Gfpt1	2
Ndrg2	3
Ahrr	13
Rexo4	1
Sbno2	1
Myo1f	13
Nox1	1
Vcan	1
Lrpap1	4
Epn1	5
Mycl	22
Tsnax	5
Pde3b	8
Tsku	11
Slc48a1	5
Atmin	3
Gtf2i	23
Mybl2	25
Patj	37
Rcl1	7
Ghitm	3
Ece1	3
Usp40	2
Dnal1	22
Arc	3
Tep1	5
Idh1	4
Ifi202b	6
Rasd1	6
Lpcat4	5
Gcnt2	8
BC051226	2
Mapk3	5
Ctsd	15
Ptch1	8
Pde2a	2
Cacna1g	11
Tmem156	4
Hap1	11
Trpv2	5
Klri1	8
Lrrk1	10
Phka2	4
Wfdc17	11
Tgm2	9
Arl6	19
Osr2	4
Ush1c	9
Birc2	6
Optn	1
Arhgap31	6
Naa25	2
Crxos	6
Sema6b	23
BC005537	2
Flt3	9
Rcbtb2	5
Adam15	9
Tle1	23
Klk1b22	19
X4833439L19Rik	19
Gstt3	11
Zcchc24	4
Pgpep1	1
Txndc17	3
Uprt	5
Fam43a	8
Ifi205	2
Oxct1	9
Riok3	3
Ctif	6
Pigx	5
Npr1	7
Lta	1
Scimp	8
Pcp4	10
Etv5	4
Nsd3	2
Il15ra	6
Stimate	7
Akap13	6
Fyb	12
Rassf2	6
Smcr8	1
Rbm38	9
Sirt1	3
Pgghg	1
Xpr1	4
Socs1	6
N4bp1	3
Coro1a	5
Lamtor4	4
Ndufaf7	5
Arl10	5
Pag1	4
Mettl27	17
Pcdh7	15
Dmtn	2
Hibch	5
Lmo4	35
Slc35g1	23
Ankrd37	5
Gabpb1	6
Enox2	3
Azi2	2
Gcsam	2
Dhcr7	23
Lnx2	6
Ms4a6d	1
Il18	37
Gstt1	11
Polr3g	23
Txndc15	4
C2cd4c	1
AI467606	5
Cacnb4	32
Rnd3	25
Slc30a1	24
Pf4	24
Dpagt1	5
Irs2	36
Glipr1	4
Fmnl1	19
Hrh2	24
Ido2	1
Cd70	6
Ero1lb	9
Spred1	3
P4hb	23
Nup98	3
Adgre1	11
Fgd3	5
Tmem154	20
Ndrg4	25
Nmrk1	7
Sh2d1b1	28
Insig2	4
Hpgds	24
Rap1b	1
Tubb6	7
Cd86	6
Acsl5	23
Lpcat2	9
Nr4a1	1
Cmtm7	5
Wdr12	23
Pcdh15	8
P2ry12	5
Selenon	9
Gm11545	23
Psg16	6
Hat1	3
Fundc2	20
Calhm2	9
Gpr137b.ps	34
Bscl2	5
Myh7b	9
Fam3c	5
Phf19	14
Atm	10
Tor1a	4
Ccdc92	4
Eva1a	25
Rbfa	5
Poglut2	23
Vcl	23
Fchsd2	7
Chmp4b	1
Loxl4	7
Igdcc3	24
Ugt1a7c	4
Slc39a1	18
Gm2a	4
Cox17	1
Ech1	5
H2bc4	4
Zfp964	11
Lmo1	4
Ostf1	6
Hcn3	3
Mfsd6	8
Shc4	1
Tapbp	6
Usp47	1
Snx9	5
Sap30	1
Acap1	9
Gm15987	11
Tmbim1	15
Art2a	2
Clec7a	8
B430306N03Rik	22
Zfp385a	9
C130050O18Rik	23
Atxn7l1	16
Nbdy	26
Plk2	2
Hsf2	6
Mdp1	5
Mta3	8
Gmeb2	3
X4930512J16Rik	23
Rhov	7
Gfod1	13
Rsf1	3
Gsr	19
Clcn4	5
Tmem70	3
Xpot	28
Hgh1	23
Phactr1	5
Rnf166	5
Tent5a	24
Syngr2	10
Kdm5c	1
Ppp3cc	1
Rufy1	9
Chst15	24
Stt3b	5
Dok3	5
Ptpa	23
AI837181	3
Thbs1	24
Lrrc41	3
Uggt1	5
Dnajc13	2
H2.Ab1	5
Hs3st1	1
Mccc2	23
Src	2
Ppa1	2
Dnajc16	18
Hook1	20
Ctsh	28
Ogfr	1
Gpr12	4
Slc39a11	5
Gm1965	4
Mocos	16
Tmem79	32
Cd82	2
Vps26b	5
Mitf	16
Nrros	5
Rubcnl	12
Ifi211	2
Eci2	30
Ifnar2	4
Yju2	1
Tyw1	23
Arhgap26	3
Morrbid	1
Nudt22	23
Acaa2	4
Mindy2	8
Zc3h12c	3
Uap1l1	30
Ank	5
Etv4	4
Chic1	21
Afap1	26
Foxn3	11
Frrs1	5
Adgra2	23
Ddx11	19
Mtss1	21
Tmem50b	28
Cad	23
Hdac5	23
Tyrobp	30
Mxd3	23
Kdm7a	5
Elmo2	4
Vegfb	5
Nono	2
Bach2	23
Popdc2	7
Gfi1	17
F830208F22Rik	7
Casp6	30
Nbeal2	5
Fbxw17	1
Hexb	4
Letm2	3
Galm	4
Il2	14
Gpr65	1
Shisa7	5
Tnfrsf18	30
Pmm1	23
Pdxp	23
Tmem67	2
Dhcr24	23
Map11	4
Phf14	9
Rasd2	23
Elovl6	15
Tmem164	15
St3gal3	3
Atp2c1	4
Kdm4a	3
Retsat	23
Ddx24	6
Zscan29	2
Atp6ap2	15
Adam19	19
Tpp1	4
Cpeb2	24
Eml3	9
Mrpl39	3
Susd3	5
Ripor1	36
Psma6	1
Ydjc	23
Dck	2
Abca1	21
Kif7	5
Ftsj1	23
Dhrs1	23
Rnpep	8
Aldh2	20
Fam118a	5
C3	19
Dnajc1	4
Polk	5
Efna2	10
Prkra	5
Cdc27	19
Slc14a1	4
Keap1	2
Phtf2	5
Inka1	6
Rnf13	9
A630001O12Rik	34
Sdccag8	5
Sec22c	4
Supt16	18
G530011O06Rik	1
Nup88	3
Bcor	1
Btk	8
Rcsd1	3
Siah2	25
Gprc5c	6
Cdca3	23
Prex1	3
Rfx5	6
Neo1	24
Pon2	4
Foxo1	25
Nicn1	9
Cebpd	21
Arhgef17	7
Ifi30	21
Stk4	6
Rchy1	5
Sdhaf1	19
Mical1	4
Slc50a1	9
Glrx	8
Pxdc1	15
Cdkl5	1
Il1r2	8
Lmna	23
Uba7	2
Gmppb	1
Lcp2	34
Pex2	4
Kdsr	4
Ubxn2a	3
Lman2	4
Nap1l2	9
Abhd14b	9
Arhgef2	3
Mex3b	11
Ankrd50	15
Adh1	15
Ppm1m	5
Spp1	4
Cby1	23
Kazald1	5
Tmem63b	1
Dab2	4
Nrde2	10
Itpkb	15
Mtus1	4
Slc25a43	8
Tnfsf10	2
Il22	1
Gcsh	23
Adcy6	3
Ogfrl1	26
Cfap43	3
Snx18	28
Fermt2	15
Cnnm1	4
Pcyox1	5
Kalrn	32
Iqgap1	3
Fam185a	5
Abcc1	1
Zfp119b	7
Jak2	2
Slc37a3	22
Them6	23
Fut2	3
X2310040G24Rik	30
Iqce	4
Scd2	4
Cpd	7
Notch1	1
Cish	1
Plaur	1
Slc9a6	8
Neurl1a	7
Tecr	4
Ssbp4	28
Samsn1	16
Flrt2	13
Ccdc82	6
Xlr4c	15
Nxpe3	37
Iscu	6
Card6	1
Rnf219	37
Chuk	13
Dhodh	9
Tmprss11d	1
Bpgm	23
Ppp1r14a	9
Aamdc	3
Kcnab1	2
Traf6	6
Mbd4	6
Rbpms2	1
Mtm1	24
Fam241a	16
Rab11fip4	5
Pex11b	28
Nanos1	5
Aph1c	28
Arhgef10	5
Tpst2	30
Rab21	2
Acot7	3
Pitrm1	19
Galk2	5
Focad	23
Fndc4	23
Trp53	32
Shmt2	23
Slc16a3	5
Ctsc	8
Nr4a2	3
Cgas	2
Atg2b	23
Klrd1	5
Rab8a	3
Ttll2	11
Kat2b	24
Fads2	5
Ces2c	11
Scnn1g	3
Pik3r1	14
Nucb2	4
Preb	5
Mamld1	4
Stard13	21
Rabep2	7
Gm3604	21
Agap1	24
Ankrd44	9
Marf1	1
Tlr13	24
Cables2	11
Ttc5	5
Prpf4	3
Rab43	34
Gcnt1	8
Ccdc173	1
Fam50a	23
Cdca7l	9
Osgin2	3
Anp32e	5
Lipe	7
Phkb	9
Zbtb38	17
Fkbp4	5
Kynu	10
Sass6	2
Acat1	9
Dpf2	7
Lhfpl2	17
Tubb2b	25
Galns	5
Znrf2	5
Upk1a	3
Cmya5	1
A630012P03Rik	1
Plekhg3	4
Gde1	23
Psen2	28
Ptk2b	17
Cacnb3	3
Ncs1	15
Ccdc36	5
Arhgap15	5
Tmem134	1
Lactb	14
Bcl10	3
Fpr2	1
Ccdc50	6
Lpgat1	8
Tmem181b.ps	6
Hdac10	5
Dnajb14	5
Lrrc32	24
Fads3	5
Sfxn3	5
Hmgb3	4
Lpin1	8
X4833438C02Rik	1
Ms4a4b	1
Pard6b	25
Bag3	6
Zfand3	3
Selenoh	5
Pnpt1	2
Rab31	23
Retreg1	8
Rac2	11
Hvcn1	37
Creb3l2	4
Cdc42se2	13
Lair1	5
Cth	7
Kcnh3	29
Sgpp1	5
Rassf3	14
Tmem250.ps	28
Apmap	23
Coch	6
Lyve1	32
Tspan4	23
Pnp2	6
Uhrf1	19
Lrmp	25
Adgre5	28
Sec11c	4
Cbx8	30
Stap2	18
Gaa	4
Ptpn2	7
Lfng	5
Fxyd2	1
Klf10	4
X2700081O15Rik	6
Filip1	9
Enpp1	5
Klhl14	28
C1galt1c1	4
Snx22	13
Lzts2	25
Mybbp1a	37
Disc1	22
Sgpl1	21
Lman2l	23
Col27a1	2
Zfp157	5
Aph1a	4
Plekhn1	6
Plekhm1	5
Dock5	9
Foxred1	19
Prnp	24
Commd8	8
Vars	11
X4833419F23Rik	3
Esyt3	4
X4933402N22Rik	25
Gng4	2
Fbxo21	4
Gm9895	1
Bbc3	6
Ccdc93	5
Fez2	24
Sytl2	15
Pggt1b	3
Cfap410	28
Ly6m	2
Asap3	32
Pja1	4
Stoml1	2
Gapt	5
Mthfsl	3
Sptbn1	4
Il4i1	3
Tifa	5
A330035P11Rik	7
Ctss	24
Irak4	23
Ino80d	6
Ilf3	3
Sidt2	11
Kctd5	19
Tpgs2	5
Arsb	4
Dnaja1	16
Itprip	5
Zc3h15	6
Pqbp1	23
Sytl3	1
Strbp	9
Uaca	15
Abhd8	23
Ndrg3	5
Thnsl2	19
Gpr19	19
Sidt1	2
Prkar2a	5
Dcaf8l	15
Tprn	23
Tlr1	18
Mppe1	5
Wee1	1
Hip1r	7
Amer1	24
Vsir	28
Spn	11
Dpf3	27
Sfmbt1	3
Cbfa2t3	3
Nqo2	8
Vwa5a	22
Efcc1	5
Gnpda1	4
Rbm26	18
Trim2	5
Snx30	8
Celf4	9
Def6	5
Hapln4	20
Map10	37
Pgs1	7
Atr	3
Ddx6	3
Abr	36
Dcaf11	3
Crtap	15
Scarb2	24
Stx2	8
Khnyn	3
Fbxo42	3
Naa10	23
Kcna6	24
Pgrmc2	15
Golim4	9
Skida1	9
Slain1	20
Elfn1	1
Alg5	23
Lat2	9
Foxp1	14
Eif4ebp2	4
Kif5a	9
Socs5	4
Slx1b	5
Pip4k2a	23
Ppp1r12b	5
Pdgfa	17
Cd2bp2	7
Elmsan1	5
Tmod3	2
Cd48	4
Pdlim1	6
Gamt	5
Spata2l	23
Ptprf	7
Dnase2a	23
Hsph1	1
Dnph1	23
Tmem230	18
Foxp4	2
Lrwd1	5
Crip2	35
Btbd11	24
Dyrk3	24
Ccnd1	22
Hivep2	8
Zmat3	5
Gm6460	17
Snx20	34
Xpo6	3
Zfp324	23
Vps37a	18
Mgrn1	5
Gprc5a	18
Egln2	11
Adamts1	2
Slc25a24	8
Rictor	11
Slc8a2	22
Slc41a3	4
Ticam1	19
Phgdh	28
Mbd1	2
Akr1b10	5
Sdf2l1	4
Cystm1	4
Plk3	7
Shmt1	37
Man2a1	5
Fut11	9
Ltb	2
Apon	10
Klf13	8
Ccnh	23
Noa1	4
Surf4	14
Samd4b	3
Dcaf1	3
Nes	2
Muc3	11
Klhl21	23
Enc1	5
Msx3	7
Pccb	23
Vps13c	9
Cmc2	19
Prkab2	19
Arhgap35	11
Nr6a1	6
Zic2	4
Nostrin	4
Rp2	8
Ptger2	15
Sesn2	3
Ddx4	2
Cd38	4
Spata13	23
Smyd5	25
Slc33a1	11
Gm16675	16
Prkcb	5
Marchf8	15
Traf5	18
Kcnh4	3
Scly	23
Zfp366	1
Tuba1a	10
Tmem184c	5
Marchf1	30
Psph	23
Tbc1d15	3
Ttc39a	9
Cdkn2a	7
Elf3	17
Bclaf3	7
Sh3tc2	7
Tarbp2	1
Cavin1	11
Irf1	16
Ccdc86	2
Acsf2	9
Cd79b	25
Acap2	8
Zfp90	5
Snx8	26
Pank1	4
Ttyh3	23
Tasor2	2
Mthfd1l	23
Slc25a16	5
Ccdc85b	23
Hdac6	5
Scarf2	21
Orc1	7
Tmem123	16
Polb	18
Prmt2	3
Itpripl1	5
Pigb	23
Cnn3	7
Slamf6	5
Wdr48	6
Prkx	1
Hook2	6
Apcdd1	20
Clip1	26
Hs3st3a1	4
Epop	25
Tbl1x	1
Lage3	5
Cd226	5
Akr1a1	2
Ifi44	2
Ssc4d	1
Tarbp1	5
Plek2	7
Sh3pxd2b	24
Shroom1	9
Leprotl1	8
Tmem185a	4
C920009B18Rik	26
Map3k14	1
Xrn1	2
Mndal	2
Dnah6	22
Ggt1	17
Tmem131l	18
Dennd2a	9
Cnnm3	15
Inf2	3
Man2b2	23
Ilvbl	4
Psmf1	2
Eef2kmt	15
Adra2a	11
Icos	32
Fam122a	6
Acpp	14
Rbm43	8
Ddt	11
Rtn2	3
Ttll9	2
Wdr33	3
Gm8369	1
Rhbdf1	25
Tfdp2	9
Acyp1	5
Gorasp1	15
Ttc38	9
Ptprs	5
Tfap4	23
Meis1	4
Cutc	3
Rbl2	9
Pde4dip	18
Fdft1	1
Ndnf	1
Tmprss4	7
Mospd2	34
Fam3b	8
Lag3	16
Pkdcc	15
Cd44	1
Dpp6	24
Rab1b	4
Tubgcp2	19
Ufsp2	9
Klf7	8
Lix1l	30
Snx11	11
Cspg5	11
Hltf	8
Habp4	4
Gm4961	7
Lacc1	6
Nfkbid	6
Vegfa	26
Aagab	4
Trpm4	19
Gsg1	4
Smg7	2
Enah	24
Top2b	5
Trim56	2
Ifnar1	34
Cdk18	13
Phlda1	24
Tada2b	15
Exoc6	5
Rcn1	26
Rhpn1	9
Emc7	23
Tmed8	5
Fam234a	30
Tor2a	23
Dock7	5
Ppm1k	2
Sik3	6
S100pbp	20
Agpat5	5
Psme2	6
Pqlc3	8
Fbxo31	23
Bcorl1	11
Nnt	9
Cldn23	1
Hmcn2	1
Enpp4	8
Cmas	5
Rap2b	26
Glmp	5
Tnni2	4
Prxl2c	4
Ssh2	4
Bcat2	18
Atad2b	3
Mx1	2
Kirrel3	1
Acsl3	4
Csk	5
Nfxl1	34
Adam10	5
H2.K1	2
Glcci1	3
P2ry13	8
Cxcr4	8
Sv2b	5
X9330179D12Rik	1
Slc30a5	23
Lamp1	20
Atf5	1
B230217C12Rik	5
Smo	23
Specc1	1
Sptssa	5
Txndc11	4
Ripk3	24
Gng2	5
Hpcal4	2
Klrk1	10
Gins3	25
Nexmif	1
Hps4	5
Erg28	25
Shfl	3
E130309D02Rik	23
Apod	2
Iqcb1	1
Tmem170	3
Kdm5b	15
Slc1a2	3
Fam83g	3
Sntb2	28
Frmd5	10
Cryl1	4
Clcf1	6
Fbxo10	9
Tigit	6
Grhpr	9
Alox5	15
Bend4	4
Camkk2	7
Kansl1l	1
Por	15
Ncoa2	1
Vav3	8
Mitd1	2
Robo4	7
Galnt12	9
Armc8	3
Tmem87b	6
Utp3	1
Engase	23
Adora3	23
Plppr4	1
Tspan8	15
Slc27a1	9
Stard3	2
Hps5	5
Dram1	1
Cd53	21
Slc9a8	1
Bmt2	1
Ak9	2
Cacng8	20
Unc13d	20
Kirrel	11
Stx17	5
Ssx2ip	9
Tcof1	3
Enthd1	1
Ubtd2	7
Tlr2	7
Efhd1	26
Vav1	36
Chst2	1
Ly9	4
Ebp	4
Svbp	2
Dse	7
Zfp869	7
Slc25a51	7
Smim14	8
Stom	29
Ntn4	5
X1700056E22Rik	13
Mast4	35
B930095G15Rik	32
Kcnj10	9
Xlr3a	15
Ppp4r2	3
Acot1	4
P2ry10b	4
Rnf170	5
Cox15	2
Nek8	7
Agrn	3
Khk	4
Xlr	4
Dclre1b	23
Kpna3	6
Klc4	23
Rpia	5
Nxf1	3
Slc15a3	3
Fkbp15	5
Hspa1l	3
Creg1	4
Fam3a	4
Dnajc3	30
Elp1	3
Ddx1	35
Dpy19l3	5
Gtf3a	23
Klri2	8
Snx14	5
Gm9776	11
Kank2	9
Grap	7
Tmeff1	5
Triobp	2
Zdhhc20	4
Traf3	7
Pxmp4	23
Zdhhc23	21
Hook3	9
Egfr	15
Zfp740	9
Mrpl28	5
Aifm1	28
Dnajb6	1
Ppp2cb	7
Aldh3b1	23
Lrp4	25
Nol4l	6
Selenow	3
Plet1	15
Ccnb2	23
Tnk2	4
Cdk17	6
Fam161a	15
Kpna4	11
Pqlc2	22
Pkib	1
Fmn1	26
Csrp2	6
Il23a	6
Pdcd4	25
Nfya	3
Plpp5	9
Saraf	5
Psme2b	2
Ddx42	19
Vcpip1	2
Rabgap1l	2
Tet2	1
Cpq	4
Hk1	8
Agap2	9
Casc3	19
Nt5c1a	6
Phldb1	3
Utp14b	4
Flii	3
Tbc1d10b	6
Col15a1	8
Rubcn	5
Ctla2b	8
Slc12a6	4
Atp2a2	4
Septin1	20
Slc12a8	9
Pten	9
Cyp4v3	22
Rec8	20
Arl5b	16
Tex9	5
Gm12505	11
Galnt18	1
R3hdm4	4
Mbnl1	9
Jund	7
Ccdc85c	23
Actr1b	15
Tbc1d2b	5
Gpx4	15
Bloc1s2	13
Gm8979	2
Ttyh2	32
Samd10	5
Slain2	24
Sdk1	15
Foxc1	15
Xylb	9
Insm1	3
Fcrl1	17
Dennd4b	18
Fabp5	4
Slc1a4	21
Slc7a11	16
Gdpd3	5
BC064078	35
Tm2d2	5
Rhobtb1	30
Celsr1	20
Arsi	3
Arl8a	29
Pafah1b1	18
Daam1	3
Tstd3	9
Garem2	17
Mpp5	3
Auh	5
Fbxo11	3
Blvra	23
Crat	23
Pcdhgc3	4
Gm42517	4
Zfp946	9
Mef2d	23
Marcks	2
Nckap5l	30
Vkorc1	30
Afap1l2	14
Arhgdib	4
Snapc5	4
Vat1	9
Ssr4	15
Jag1	3
Ccdc102a	5
Tmem179b	5
Gosr2	18
Tulp3	3
Bcl7a	23
X9430037G07Rik	1
Sik1	5
Amigo1	4
Zscan20	9
Errfi1	15
Ppp1r21	8
Tpd52	8
Rab39	5
Gm14137	7
Calcrl	4
Pxylp1	23
Nfe2l1	6
Rusc2	29
Id1	2
Gpbp1	6
Reep6	23
Ntpcr	23
Klhl23	23
Slc22a18	4
Eif6	3
Tm7sf3	19
Rhoq	4
Nrip1	6
Afdn	4
Prdx6	4
Gnaq	8
Lgals3	4
Ephb4	20
Man1a2	15
Grk3	3
Rgs10	5
Rad54l	19
Ifitm5	1
Cobll1	15
Vhl	5
Foxa1	1
Btbd1	5
Klf11	6
Atraid	23
Ext1	1
Cep78	5
Fpgs	23
Prmt9	5
Ablim1	20
Med14	4
Myh11	25
Evl	5
Sec24b	6
Gdap2	4
Myc	5
Sigirr	4
Amigo3	6
Onecut2	34
Ssc5d	2
Rasal3	9
Cd276	17
Smarcd1	18
Fkbp1a	6
Bnip3	4
Hsd17b12	5
Cyp27a1	8
Trib2	4
Ppdpf	6
Vmn2r3	3
Cd47	2
Arhgap29	24
D430020J02Rik	19
Aph1b	4
Utp18	19
Nceh1	21
Arl4a	8
Bsg	15
Itpripl2	34
Nup85	19
Srebf1	4
Plekha5	5
Hcfc2	4
Mbtd1	3
Mcu	15
Casq1	4
Grhl1	3
Lratd2	24
Fam89b	5
Aco1	4
Chst3	5
Acadsb	18
Ttc13	4
Spta1	6
Sars	15
Mis18a	23
Gatc	23
Bin2	36
Prkch	4
Prkcz	15
Gm19757	24
Mettl2	19
Ktn1	16
Stk19	1
Hspa2	1
Poglut3	4
Supt4a	3
Dcxr	25
Zfp868	7
Elovl5	5
Vipr1	9
Camsap2	4
Slc37a4	5
Lck	6
Ppm1d	27
Qsox1	21
Lzts1	5
Tssk3	2
Tfrc	23
Vamp8	5
Stk32c	4
Pecam1	7
Cxcl13	1
Zbtb16	4
AI987944	1
Tyro3	3
Eif4e3	5
Atp11b	24
Ubxn8	35
Dlg4	7
Slc25a33	1
Wnt11	3
Tmem59	4
Ephx3	35
Rps6ka3	4
Pink1	5
Ppm1l	19
Limk1	23
Ccdc73	1
Tcf7l2	1
Fbxo25	35
Mmgt2	30
Plcb4	22
Lrrc51	2
Bri3	24
Trim43b	11
Arhgef18	12
Tacc2	28
Cdc42ep3	8
Specc1l	1
Tmem65	16
Tmem238	5
Zfp141	5
Eps8l2	3
Sh3glb2	5
Nagpa	23
Loxl3	3
Neu1	21
Nampt	10
Sec63	15
Olfr1033	1
Galnt6	4
Ebpl	23
Lrrc57	5
Rnf43	11
Atp23	4
B4galt6	1
Arf4	1
Slc25a10	11
Ky	1
M6pr	2
B4galt7	28
Gdf11	10
Snai3	9
Slc2a8	5
Mrc2	3
Poldip3	7
Ubc	1
Zfp518b	15
Dyrk4	22
Tmem147	23
Slc26a2	11
Atg3	4
Lcn2	17
Actr3	8
Zfp949	3
Ywhag	18
Id3	5
Gpi1	5
Tsc22d4	4
Nrtn	7
Akt1s1	1
Ubash3a	14
Dnase1l1	4
Sertad1	11
Slc35d2	4
Dennd11	29
Rab28	24
Nfia	5
Sbf2	6
Heatr5b	7
Sult1c1	4
Dynlt1a	23
Sumf2	23
Mpeg1	13
Ccdc107	23
Wdfy3	15
Gng10	5
Galk1	23
Slc31a1	23
Notum	19
Serpinb6a	3
Kmt5a	15
Tmem35b	6
Lyl1	22
Camkk1	36
Gpr82	8
Srp54a	35
X4933432I03Rik	10
Itgb1bp1	23
Tmem62	5
Clec1a	5
Trim30b	2
Pla2g12a	30
Alms1	9
Srf	23
Yaf2	5
Myadm	9
Gm4349	5
Scpep1	3
Arhgap20	1
Tmtc4	8
Cbx1	18
Dip2b	3
Arsk	5
Fer1l5	5
Ndufa6	23
Gpr152	11
Enho	5
Qrsl1	5
Pcyox1l	23
Txlna	37
Eml2	11
Art3	3
Kcne3	21
Zfp715	5
Rab3a	4
Grb2	3
Cnpy2	4
Grwd1	25
Rab3il1	30
Clock	24
Plppr2	25
Panx1	26
Igsf9	2
Usp2	4
Trpm2	3
Smarcal1	5
X1700013H16Rik	5
Hdac1	2
Pelp1	19
Crybg3	16
Dlx2	9
Uxs1	15
Gm11127	26
D630045J12Rik	28
A430033K04Rik	23
Nrarp	23
Il17rd	17
Mri1	23
Fbxl3	18
Atp8a1	24
X3010003L21Rik	1
Sinhcaf	6
Dbf4	28
Zfand2b	17
Pacsin1	3
Chst14	11
Tmed3	28
Cd2ap	22
Naalad2	15
H2.Aa	5
Tlr6	13
Vcam1	2
Dnajb2	6
Twf2	13
Sgk3	3
Tas1r3	1
P2ry6	17
Dynll2	18
Gpx3	2
Csnk1g1	3
Mapkbp1	3
C2	1
Spidr	5
Fig4	8
Spib	2
Pla2g5	15
Mrpl45	19
Ubap2l	19
Tktl1	2
Gstp1	20
Hspb1	1
Crem	16
Bcl11a	7
Tyk2	2
Gramd1a	1
Tcn2	6
Ephx1	5
Kdm6b	7
Med29	19
X2700054A10Rik	24
Zfyve28	30
Mira	5
Dusp12	1
Lhx2	6
Zfp3	9
Tox3	3
Klhl18	8
Nubpl	9
Apol7e	2
Mef2c	13
Mfsd14a	5
Tusc3	4
Fnip2	5
Polr2g	10
Ralgps2	15
Pax5	1
Tfeb	9
Tspan13	4
Pla2g4f	11
Hmgcl	4
Mpp2	3
Plekha7	20
Ints12	1
Adam17	3
Kpna2	25
Comt	23
Smg8	19
Zfr	3
Snx24	23
Rnf145	5
Ccdc69	36
Piga	21
Cog4	19
Foxc2	12
Llgl1	3
Il17ra	7
Fgd6	8
Ankrd39	4
Snhg15	1
Tpr	2
E230029C05Rik	21
Traf3ip3	9
X2610318N02Rik	23
Slc25a36	5
R74862	6
Plekha4	2
Edf1	11
Emc2	5
Ift122	6
Tpm3	10
Tex261	23
A430093F15Rik	1
X9930111J21Rik2	16
Mtor	7
Tm9sf3	4
Rhoh	7
Ipmk	15
Slirp	3
Pik3c2b	30
Ppp2r1a	6
Alg6	9
Rasal2	24
B2m	2
Med1	3
Chsy3	24
Tyw3	23
Slc4a4	16
Yeats2	5
Psme1	3
Ak4	26
Ube2e2	12
Cmtm8	30
Itpr3	5
Pcbp4	35
Slc16a6	35
Rbbp8	6
Pla2g2d	12
Ap2b1	3
Dxo	7
F8a	28
Itga6	9
Ncln	28
Mia2	5
Nlrc5	2
Appl2	5
Mospd3	5
Arhgef39	23
Foxh1	1
Ganc	9
Lpl	12
Spns2	11
Sumo3	4
S100a11	24
Clcc1	15
X4930432K21Rik	18
Lysmd4	19
Zeb2	1
Runx1	5
Kmo	21
Soat2	21
Zmym4	18
Syne1	8
P2ry1	21
Aldh3a2	5
Dmrt3	4
Jag2	9
Mrpl10	18
Ciart	28
Gm11166	1
Med10	3
Mfsd10	24
Nipal3	23
Slc19a1	23
Pik3cb	4
Ercc5	4
Wdr92	19
Tspyl4	30
Fbxl15	7
Lrrc49	3
Gm6377	8
Zfp110	37
Hif1a	22
Zfp580	35
Pbxip1	18
Cbr3	4
Galt	9
Coil	37
Acadvl	25
Dnajb1	6
Rere	5
Elmod3	23
Ppp3ca	5
Gtf2f1	6
Cd3eap	5
Hic1	13
Gk5	4
Cyp51	28
Slc26a11	4
Fam117a	36
A030001D20Rik	3
Vps26a	24
Foxl1	12
Ppp1r13l	5
H1f10	21
Med13	3
X9330175E14Rik	3
Kctd10	10
Mogs	23
Stk40	2
Ambra1	3
E130311K13Rik	19
Gltp	4
Ado	15
Pgm2	30
Nol7	1
Slc6a13	5
Il12rb1	16
Pou3f1	26
Atp11a	3
Ggcx	9
Siae	5
Txndc12	23
Wdr81	23
Vcpkmt	23
Haao	8
Rilpl1	2
Abcg1	16
Luc7l3	3
Chml	28
Tbc1d17	6
Gpr180	23
Tmc6	9
Tsc22d3	4
Klhl22	15
Zfp944	5
Crtc2	3
Ogdhl	2
Olig2	5
Pter	9
Myo5b	3
Htra2	6
Pck2	20
Vash1	7
Gm15133	2
Scn2b	32
Lemd2	5
Tmem107	23
Mmp12	15
Sdc2	15
Pdlim7	4
Egr2	8
Wdr44	13
S100a10	24
Sod3	7
Pdgfrb	11
Bmi1	24
Bcl9l	3
Btbd9	3
Zfp358	35
Crot	15
Cand1	1
Srpk2	9
Dglucy	3
Spata31d1b	1
Cers4	9
Spcs3	5
Snx27	15
Zfp809	3
Fech	23
X2610524H06Rik	4
Xlr4a	24
Cep350	6
Arfgap2	19
Txn1	2
Atl3	10
St6galnac2	32
Pdlim4	6
Syt7	6
Bmp8a	1
Zfyve26	3
Pomt1	23
E330020D12Rik	5
Vwa8	21
Eif5a2	4
Acot13	23
Rac3	19
Zfp959	3
Acot2	5
Snrnp35	1
Acot9	6
Rnf122	8
Arhgap4	23
Rps27l	1
X9330159M07Rik	1
Ak3	4
Scamp5	4
Dgkg	4
Ip6k2	3
Slc35a1	5
Cwc25	18
Pmp22	29
Zswim4	16
Sh2b3	9
Jmjd8	23
Gsn	4
Itpka	5
Mboat7	5
Kcng2	20
Tmem9	4
Pik3r2	23
Rreb1	4
Cd37	23
Gpr171	11
Spty2d1	3
Rnf5	4
Ppib	5
Snx16	1
X1700052K11Rik	3
Ltc4s	4
Dnmbp	5
Il13ra1	24
Emb	8
Glce	5
Cdh15	3
Clmp	20
Arrb2	3
Ucp2	8
Itga3	8
Fgfr3	2
Rras	19
Letmd1	19
Gda	11
Abhd11	28
Depdc1b	4
Adarb1	15
Hscb	23
Micu1	4
E2f8	23
Lima1	9
Plekhm2	6
Lrp8	8
Surf1	30
Thap6	8
Tmem129	15
Nme3	23
Ptp4a3	23
Tpi1	5
Jchain	2
Vps8	5
Tha1	25
Ikbkb	6
Zfp113	18
A530064D06Rik	10
Bckdhb	5
Pgm2l1	9
Morf4l2	3
Nthl1	9
Krt80	5
Smtn	23
Gata2	24
Clec4b2	28
Abhd14a	9
Dsel	24
Ccnt1	3
Smim40	18
Apol7b	2
Asb11	1
Scamp2	3
Castor2	3
Gm11532	19
Eid2b	1
Ccdc120	3
Gapvd1	3
Tdrkh	15
X1700030J22Rik	6
Gab3	23
Gimap1	8
Srsf7	19
Itm2c	21
Dennd6a	3
Ywhaq	18
Gpcpd1	3
Crebrf	3
Glul	5
Jak3	2
Cstf3	3
Alpl	5
Suco	1
Xbp1	4
Thbs4	3
Psmd7	6
Dctpp1	23
Tln2	15
Acvr1b	9
Tmprss13	6
Mis12	18
St7	9
Siva1	23
Pimreg	23
Gla	15
Zfp422	19
Prdm9	10
Lyrm9	23
Prickle3	4
Clec4b1	15
Il11ra1	23
Dnajb13	28
Zbtb18	19
Casp2	8
Aga	30
Mroh1	5
Psmc4	19
P3h4	9
Plscr1	5
Unc45b	6
Oxr1	5
Atp13a3	21
Rad51c	37
Ago3	3
Pirb	22
Rassf8	4
Klk1b27	37
Zfp513	1
Zfp213	3
I830077J02Rik	5
Eapp	19
Radx	37
Tmem106c	23
Fbxl22	1
Slc25a35	9
Scd4	4
Dok2	5
Grasp	2
Pheta1	8
Trim12c	2
Ier5l	4
Ccdc112	37
Fam117b	5
Fcmr	1
Omp	1
Zfyve1	3
Rbpms	7
Dscaml1	3
Cln6	5
Flad1	37
X1810020O05Rik	8
Angel1	37
Lbr	4
X1700066M21Rik	4
Amotl1	35
Fcgr2b	9
Baz2a	6
Ppp1r10	6
Cdc42bpg	3
Ccr1	8
Gm45521	2
Papolg	18
Cdkl3	10
Jmjd1c	24
X4833418N02Rik	1
Stxbp5	23
Capg	27
Ina	37
Gtf2b	25
Ptpra	4
Smyd2	4
Prkce	3
Lysmd1	21
Plrg1	37
Slc39a8	9
Gba2	23
Gstm2	1
Mreg	18
Tctex1d2	4
Apba1	20
Kdm1a	19
Ift172	5
X1700065D16Rik	3
X4930431F12Rik	6
Slc20a1	24
Atp1b2	32
Gstt4	11
Sypl	8
Flot2	27
Slc26a6	1
Bivm	5
Setdb2	10
Slc17a8	24
Mrps36	30
Ccdc115	23
Epas1	15
Myo5a	7
Trio	32
Ptprcap	37
Sri	8
Gm38426	5
Ly96	16
Klhl5	8
Cln5	18
A930006I01Rik	17
Tnfrsf8	1
Rgl1	26
Sapcd2	23
Depdc1a	23
Zfp57	4
Prpf38b	8
Dera	5
Polr3gl	5
Adgrl3	24
Tvp23a	27
Donson	5
Arhgef40	3
Tmem126a	5
Adam9	5
Lmbrd1	5
Zmpste24	5
Zmynd15	3
Tdpoz4	3
Man1c1	30
Tbc1d8b	20
Ctbs	4
Ect2	15
Triap1	28
Bahcc1	32
Ttc1	7
Ythdc2	8
Ddx17	8
Ralgds	5
Noxred1	5
Wrap53	18
X9930014A18Rik	24
Sgms2	6
Lurap1	20
Casp1	26
Kdelr1	23
Dcbld1	15
Smad4	3
Rnaset2b	16
Nlgn2	3
Morf4l1	18
Epb41l1	24
Pgrmc1	4
Smim11	23
Clk3	1
Olfml2a	3
Mcm10	3
Hdac4	4
Rnf157	7
Sat2	9
Slc2a4	7
Enoph1	8
Hmga2	8
Gm9054	9
Supt6	3
Tnfrsf26	9
Gpatch4	37
Cdc14b	4
Bphl	5
Ndufaf6	5
Klhl42	23
Insig1	15
Ing2	1
Ptpn23	6
Fam160a1	19
Acot4	5
Bbs12	4
Ube2cbp	23
Gtf2a2	23
Ccdc74a	4
Acp5	1
Mknk1	9
Ddit3	21
S100a1	15
Stard9	5
Cotl1	4
Galnt11	28
Hivep1	2
Gstm4	15
Bcap31	8
Cbr4	19
Serpina3f	2
Uqcrh	3
Hipk1	4
Nod1	16
Camk2n1	3
Nfat5	6
Hdac8	5
Fam160b1	4
Stard3nl	8
Krt222	7
Cyp20a1	23
Osbpl7	20
Srd5a1	4
Smyd3	23
Foxo3	4
Espn	3
Inafm2	21
Fgr	26
Atrx	6
Qdpr	4
Cbwd1	6
Mindy1	23
X2610008E11Rik	23
Atp2b4	1
Cd209g	11
Ifitm1	1
Tmem181a	28
Il2rb	16
Tbl1xr1	24
Polr2a	19
Dpy19l1	8
A930005H10Rik	1
Cd209e	23
Dusp8	3
Tspan5	15
Rec114	15
Phf24	9
Cmtr1	1
Jmy	15
Tbc1d19	15
Fam83c	6
Slc8b1	5
Pvt1	5
Reps1	25
Smpd2	4
Sema3f	37
Stat4	10
Cln3	29
Utf1	11
Rps6ka4	8
Dock9	16
Klrb1b	34
Dnajc22	19
Coq10a	5
Rara	22
Srms	3
Cemip2	6
Zfp62	3
G0s2	25
Ubr4	2
Acbd5	5
Vdr	21
Zfp273	4
Aig1	24
Phf21b	11
Peg12	4
Cd151	4
Atf7ip2	1
Rpp25	23
Shisa3	7
Kif17	5
Pcyt1a	8
Pdzd4	37
Mgat5	15
Kat6b	5
Rflnb	30
Amdhd2	30
Cdkn2d	30
Get1	28
Fbn1	2
Rufy2	4
Dap	4
Flt3l	9
H2.Q5	3
Mettl18	23
Zfp956	23
Wdr91	8
Cbl	8
Hs2st1	23
Gm13807	2
Emp3	18
H2bc21	4
Tbc1d10c	9
Pip5k1c	8
Adcy3	5
Pbdc1	15
Nav2	4
Rogdi	9
Zfas1	26
Sgsm2	9
Pwwp2b	5
Plekhf1	21
Ddx46	5
Arsa	23
Ncoa1	13
Cfap74	35
Cenpv	23
Fas	3
Slc22a17	9
Dnajc21	6
Mars2	23
Bcat1	25
Slc1a5	23
Dgka	6
Poc1b	1
Abca2	23
Adamts6	24
Tango6	23
X2810025M15Rik	15
Nme4	9
Mks1	2
Mmgt1	4
Dthd1	10
Derl3	20
Arid5b	26
Eral1	19
Dda1	3
A330049N07Rik	8
Hoxa7	23
Asap1	3
Slc35a2	15
Taf15	19
Ctsz	2
Ptafr	6
Tiparp	6
Naip6	22
Dnajc11	11
Idua	4
Pik3r6	1
Rnf113a1	23
Mfsd2b	3
Pcmtd1	8
Nemp2	8
Uros	19
Ap1g2	3
Ramp3	2
Uqcc3	23
Smco4	4
Gga3	3
Papss2	2
Sptbn4	5
Prps2	23
Gatad2b	18
Slc36a3	5
Vav2	3
Rnf217	24
Dym	36
Sh3d21	18
Stx3	8
Id2	5
Zmym1	19
Zdhhc8	30
Whrn	7
Catsperg1	2
Mblac1	23
Crtam	25
Slc16a10	15
Dhx34	10
Trib3	21
Gm14326	20
Slc25a45	5
P2ry10	8
Rmc1	21
Rnasel	1
Asph	28
P4ha2	21
Tet3	5
Pygo2	27
Dele1	4
Slc1a3	6
Akap11	9
Stfa2	17
Orc5	4
Cep128	9
Fam167a	18
Cd74	3
Zfp574	3
Eif1b	5
Plekhg4	24
Tmem144	5
Abcg3	5
Mpv17l2	30
Slc39a13	22
Afmid	18
Gnl3l	5
Tmem158	15
Ccl8	1
Lactb2	23
Ino80	2
Tmbim4	4
Rb1	5
Pdk2	23
Rita1	4
Arl15	23
Mir22hg	2
Hotairm1	15
Ciapin1	19
Znrd1	5
Myo18a	23
Tlcd2	6
Galc	29
Bcam	7
Atp2b2	5
Mir155hg	2
Mat2b	5
Gm15270	15
Kctd7	23
Slc6a4	1
Tmie	2
Cebpzos	5
Jam2	3
Klf5	27
Vmn2r83	24
Lats2	15
Ogdh	18
Gpr162	22
Gm3230	2
P2rx5	3
H2.T23	2
Csnk2a2	3
Pclo	1
AW046200	1
Il18bp	2
Zzef1	19
Lrrcc1	4
Zfp428	25
Fam178b	4
Gm4759	16
Gdi2	5
Csad	9
Tcf7	3
Plxnd1	14
H2bu2	9
Snw1	3
Sqor	15
Rp9	5
Ripor3	7
Snhg4	23
Fkbp11	9
Trp53i11	34
L1cam	32
A930006K02Rik	28
Pgap1	9
Ankmy1	2
Plcd1	1
Sh2d2a	25
Macrod2	12
Fbxw5	7
D130040H23Rik	18
Eif2b2	23
Sfr1	6
Rab32	8
Pgam1	4
Clec1b	9
Fam98c	9
X4933430I17Rik	1
Sult6b1	2
Adgrg1	4
Tnks1bp1	6
Tdpoz8	3
Snx29	5
Cdr2l	30
Fbxl4	5
Slc35a5	8
L3mbtl3	8
Gpr89	5
Mfap3	5
Tacr2	10
Gk	15
Nphp1	4
Tm7sf2	4
Smim10l2a	9
Stx16	2
Mia3	4
Slc8a1	4
Mrpl34	23
Tgm3	1
Tmem171	2
Mboat1	4
Klrg2	36
Osbpl10	30
Rab10	3
X9930012K11Rik	4
Celsr3	7
Nsrp1	18
Slc38a1	4
Brdt	3
Lamtor1	5
Kctd13	3
Kyat3	27
Tgfb3	5
Aldh7a1	18
Limk2	5
Hexim1	37
Homer2	1
Ms4a4a	11
Fxn	18
Nsun3	3
Sap30bp	19
Dip2a	4
Pla2g4a	21
X4930426D05Rik	15
Med21	11
Lrfn1	27
Pls1	2
Pou4f1	35
Mid1	1
Kcnj2	5
Cep70	5
Tc2n	3
Csnk1d	3
Prr15	8
Cr1l	4
Slc46a1	23
Mcat	7
Snai2	5
Ptchd1	26
Mrpl42	4
Xist	26
Ssbp2	24
Gmps	37
Tram1	4
Rad54b	35
Cd1d1	2
Tmem150b	5
Runx2	1
Perm1	3
Rptor	19
Ccnl1	3
Lmf1	9
Pcsk2os1	24
Sfxn5	8
Dipk1b	30
Atic	23
Dhrs3	37
Timm10b	30
Ndfip1	4
Zfp982	30
Pcsk2	1
Eloc	6
Cldn12	15
Mpzl2	26
Xrn2	2
Fgf6	10
Cnksr3	4
Klk1b8	19
Tmem14c	4
Rfxap	23
Grb7	9
Psmd11	3
Rnf187	23
Ddx49	25
Magi3	24
Fbxo46	25
Pik3c2a	8
Zfp488	2
S100a13	24
C630043F03Rik	5
Map1a	20
Hgs	3
Gtf2ird1	20
Thrsp	3
Cdk20	30
Os9	4
Lrrc63	2
Rfc1	8
Smim15	5
Gtf2ird2	2
Tlr4	8
Gipc3	27
Agmo	5
X1190007I07Rik	23
B3glct	5
Mindy3	8
Slk	5
Aacs	15
Map3k12	2
Wbp4	6
Fap	3
Slc4a5	20
Pfkfb2	4
Gm15050	21
Gpn3	23
Psmc5	19
Armc10	8
Smim12	25
Il1bos	1
Spr	4
X9030025P20Rik	1
Fam199x	5
Hoxa1	15
Vangl2	5
Tomm5	23
Lyrm4	9
Deptor	30
Kmt2c	24
Vwa3b	2
Myb	1
Fhl2	4
Slc39a14	4
Car9	23
Atxn3	5
Ccr4	11
X4632428C04Rik	4
Zdhhc2	9
Nle1	37
Fgf2	10
Zfp280c	5
Rasl11a	1
Rpp40	25
Nupl2	28
BC035044	18
Dnajb9	4
Ccdc96	6
Tenm4	9
Ethe1	23
X2210016F16Rik	23
Jcad	15
Kif13b	11
Ears2	19
Slc18a1	2
Peg13	9
Rcan1	28
Gbp8	10
Smad6	4
Ift27	23
Mast1	5
Ppm1j	7
Plekhs1	7
Thnsl1	5
Gpr35	2
Nkiras2	1
Zfp617	1
Lin37	37
Gls2	27
Lpin2	8
Tinf2	25
Zfp963	19
Dynlt3	24
C2cd2	15
Spsb2	23
Abcd3	15
Nudt19	5
Nsun6	3
Ide	5
X2900097C17Rik	3
Gins2	7
Wwtr1	15
Chrnb1	20
Map1lc3a	6
Zfp810	2
Tmem170b	8
Micalcl	5
Sirt2	27
Tigd2	27
Gabarap	3
Acoxl	1
Cul7	27
Mfsd9	15
Wdr83	5
Slc44a4	37
Cgrrf1	28
Sptb	34
Thap3	23
X4930459C07Rik	1
H3c3	18
Rasgrp2	35
Dgcr6	15
Tmco1	5
Trps1	32
Vmac	30
Troap	25
Brd2	2
Zfp971	18
Galnt3	10
Mad2l1bp	25
Tmtc3	4
Slc2a13	19
Prss57	30
Ube2d.ps	3
Jpt1	18
X4930550L24Rik	26
Slc36a1	5
Gm6637	2
Hddc2	4
Tcp10a	11
Rab11fip2	3
Cldn7	7
Fah	11
Slc45a3	8
Ryk	15
B3gat1	20
Osgepl1	9
Zfp334	15
Alkbh2	23
Czib	3
Aire	16
Gadd45g	4
X5033406O09Rik	5
Pdzk1	5
X0610043K17Rik	2
Ppa2	23
Sema3b	11
Ypel3	23
Idi1	11
Il19	7
Tcp10b	19
Tmem132a	18
Olig1	23
Sec14l2	36
Zfp987	2
Dhh	10
Slc20a2	19
Gm16793	1
Ltk	9
Fam111a	9
Maats1	1
Top3a	3
Obsl1	6
Fam129b	11
Wfdc15a	24
Zer1	5
Nat8l	4
Gm16617	3
Pou6f1	3
Ubl4a	15
Adk	23
Ovol1	7
Tmem223	27
Dusp9	15
Pdp1	4
Eaf2	1
Celf2	5
Gatm	4
Rap1a	4
Enpp5	5
Tjap1	3
Slc22a21	8
Scd1	15
Azin2	7
Lpxn	4
Shc1	19
X5530601H04Rik	24
Glp1r	9
Mpst	5
Asns	28
X0610040F04Rik	1
Mrps21	24
Dnmt3b	25
Ccr2	3
Hacd2	4
Ddrgk1	23
H2.T22	3
St8sia6	1
Zfhx3	27
Degs1	4
Ccdc122	32
Mirt1	1
Tmed1	19
Mtpap	19
Mmp24	6
Arhgef4	5
Mfsd13a	5
Mterf2	20
Il3ra	2
Six1	29
Tmem151b	3
Gal3st1	9
X5730403I07Rik	3
Mblac2	28
Socs7	3
Speg	4
Gtpbp6	1
Pkd2	15
Ubox5	11
Mrtfb	5
Rdh12	20
Syt11	18
X5830432E09Rik	23
Slc19a2	8
Flnc	15
Gm12610	7
Cenpu	19
Stac	22
Ms4a6b	2
Fcsk	19
X9330158H04Rik	26
X1500015A07Rik	19
Acsl4	24
Abt1	7
Gpr18	25
Foxn2	3
Plxna2	15
Foxd2os	5
Zfp64	4
Ss18l2	23
Aldh9a1	4
Trim47	28
Ormdl1	23
Rnd2	5
Pfkfb1	1
Csgalnact1	24
Tmem266	16
X2500002B13Rik	1
Usp32	3
Cyth1	6
Rasl2.9	9
Gna11	4
Disp1	23
Sos2	4
Trdmt1	9
Ostc	23
Tmem120a	15
Phka1	5
Rer1	4
Gm19723	1
Lct	3
Pde7b	26
Slc6a11	7
Zfp780b	18
Ttll1	9
Psmb6	18
Trim26	3
Trim45	4
Map4k3	32
Pex3	5
Bicdl1	21
X2810429I04Rik	5
Slc16a2	23
Alg13	15
Gstt2	11
Klf8	9
Cenpn	35
Slc6a9	36
Pcgf2	37
Txk	12
Sin3b	7
Isca1	4
Galnt9	5
Wwp1	8
Selenoi	30
X4930513N10Rik	3
Rab34	7
Fam49b	5
Zkscan6	19
Hes6	4
Gm20752	24
Rab2b	3
Fam92a	23
Sirpa	26
Slc29a2	5
Hpdl	20
Iqsec1	8
Myl4	11
Apoa2	11
Zfp607a	35
Ctsl	15
Pkd1	4
Axdnd1	2
Txnrd2	28
Ergic3	4
Prr13	6
Palld	19
Cd63	3
Ankrd10	9
Mapk4	1
Rassf6	4
Rpain	18
Scnn1a	7
X2410018L13Rik	21
Piwil2	24
Slc11a1	36
Pecr	4
Prcc	19
D030028A08Rik	23
Stx4a	3
Wdr53	3
F2rl1	2
Cyp4f37	4
Pold4	21
Ube2o	19
Ampd3	9
Recql4	9
Ltbp1	2
Arhgap45	4
Tsacc	3
X9430069I07Rik	23
Endog	23
Ccdc116	23
Ralgps1	9
Brca1	35
Smim4	23
Tmem126b	5
X5430405H02Rik	2
Naa15	18
Thyn1	5
Zc3hav1l	9
Gpr39	23
Gm527	16
Gmds	4
Fblim1	25
Ppp1r14b	23
Nrip3	3
Creb3l4	2
Trmt2b	23
Tmem241	23
Nab2	13
Efr3a	5
H2.T10	3
Ccdc181	5
Col9a3	2
Epc1	6
Hsdl2	5
Serpinb12	5
Zfp827	3
D3Ertd751e	9
Myo1e	4
F9	21
Ubxn11	2
Slc30a3	1
Slc4a8	37
Zfp689	25
Olfm2	6
Cacna1f	28
Tulp4	8
Srek1ip1	4
Adamtsl5	27
Myorg	23
Epb41l4b	3
Adam22	4
Neto2	35
Mfsd6l	1
Cd5l	17
Prrg4	1
P2rx1	11
Akap7	24
Slc15a1	3
Rdh8	6
Emp1	29
Eldr	5
Gm32200	16
Mthfd2l	15
Hmgb2	19
Taf4b	23
Gga2	3
Calcoco1	27
Kyat1	23
X2610035D17Rik	5
Tubgcp4	3
Atp5h	18
Spns3	1
E130307A14Rik	3
Slc35f2	23
AI661453	28
Havcr1	27
Hemk1	18
Ccng1	5
Hcar1	21
Ccr5	37
Pak6	1
Erbb2	27
Coa6	5
Npas2	2
Syce1l	3
Mid1ip1	4
Gtpbp4	19
Il17d	3
Antxr1	8
Mpzl3	8
Clec2l	9
Abhd2	4
Zfp786	23
D030018L15Rik	8
D330023K18Rik	2
Adat1	37
Etv1	15
Astl	1
Atrip.trex1	6
Bola1	23
Ptcd1	7
Gpr52	1
Hus1	3
Vamp4	5
Acy3	23
Grk1	2
Akap5	9
St18	12
Bcl2l15	1
Bcl2l2	8
Cd14	5
Npepps	3
Dnmt3l	2
Commd3	4
Pex13	11
Slc4a11	22
Akap8l	9
Pomgnt2	4
Lars2	6
Itga2b	20
Smim26	30
Fam136a	19
Pcolce2	12
Ctrc	18
AI662270	2
Fabp7	3
Rrp36	3
Fam57a	6
Usp17la	22
X9330111N05Rik	15
Per2	4
Mansc1	9
Plxna3	23
Snx10	8
Dpp7	28
Nppc	36
Dnajc24	23
F630028O10Rik	8
Ino80dos	3
Trak1	1
Aqp9	5
Snhg6	24
Oosp1	9
Cyb5d2	19
Dtx3	9
X2610507I01Rik	23
Raet1d	15
Siah1a	6
Ralgapa2	18
Rxylt1	15
Lamc2	1
Gpat3	14
X2410002F23Rik	37
C130046K22Rik	18
X4933406J09Rik	2
Clip2	16
Gm10677	4
Gm614	10
Spopl	24
Mpv17	4
Accs	5
Paics	30
Kcnmb4os2	4
Mettl21a	4
Kcnmb4	4
Sdsl	32
X4930470H14Rik	2
Gpt2	36
Ogfod2	15
Gm19434	5
Hddc3	23
Fhod1	19
X1810014B01Rik	5
Ndufa8	4
Tob2	18
Kndc1	11
Farsb	5
Rdh11	23
Slc28a2	4
Elfn2	30
Morf4l1.ps1	18
Nprl3	37
Xrcc5	23
Ldha	8
Stau2	1
Senp8	3
Mertk	1
Pcbd2	15
Mest	1
Sft2d1	4
Zfp467	13
Gtpbp2	6
Bicdl2	18
Kbtbd6	19
Tmem88	1
Stard4	8
Gm5127	8
Acvr2a	24
Rdh5	3
Appbp2	19
Dnajc25	4
Card9	23
Ccdc184	2
Ptger1	5
Arhgap23	30
Tmem267	15
Ntn1	7
Dnajc4	23
Aebp1	7
St3gal2	27
Ikbip	8
Tmem60	4
Car3	24
Egfl8	5
Srsf9	5
Cops9	15
Mrgpra6	2
Fxr2	18
D330050G23Rik	11
Cenpt	18
Flvcr1	21
Mapk11	24
Bad	4
Aanat	1
Zgpat	19
Simc1	25
Bdkrb1	19
Gstm5	1
Wnt6	20
Mroh2a	11
Lst1	2
Smagp	21
Bpnt1	4
Dact3	9
Gm16938	19
Gchfr	25
Gm6654	2
Fgd2	9
Il7	3
Ppp2r2a	3
Nek3	27
Gpc2	4
Cltc	19
Gm19557	5
Churc1	5
Abcb7	4
H2.Q2	6
H2ac8	18
Cubn	21
Apol7a	2
Ubald2	1
E030011O05Rik	1
Gcg	1
Gstm6	11
Zfp52	5
Fam214a	4
X2010204K13Rik	4
Gm37065	9
Map4k4	16
Zbtb3	27
Eif5a	19
Gm9530	21
Gcm1	1
Xab2	19
Lmo7	1
Chrnb2	19
Gm13546	2
Adamts10	5
Mtln	4
Satb2	16
Barx2	3
Nptxr	9
Sema6a	1
Bdh2	9
Comtd1	28
Ptgs2os2	1
D11Wsu47e	19
Slc27a2	8
Fundc1	8
Trip10	19
Sectm1a	22
Mapk13	35
Bsn	1
Cep131	27
Gm5069	24
Myo1b	4
Usp20	3
Susd2	3
Trim34b	3
Ccl7	26
Mfsd3	23
Pbx3	15
Sars2	18
Gpr141	5
Fli1	13
Chst1	37
Skint3	5
Grcc10	4
Ythdf2	3
Msr1	5
Fsip1	8
Med12	3
Ccdc12	5
Tceanc	3
Smim13	4
Lamb3	13
Acer2	11
Mxra7	9
X2310043L19Rik	3
Sirt5	5
Cyp4f17	5
Igflr1	9
Cend1	18
Duoxa2	16
Mir6385	2
Unc80	2
Ankrd9	23
Gmpr	4
Zfp938	5
Akna	6
Zfp958	37
Bcl2a1c	2
Clgn	5
Pilrb2	28
Zfp119a	3
Tmem192	4
Gm13212	28
Ap1s2	5
Stox2	24
Nxph3	28
Hectd4	4
Gm20597	3
Klra5	8
Emilin2	9
Mcee	30
Ankrd49	6
Tro	11
D030056L22Rik	19
St3gal6	34
Dpep3	4
Zfhx2	6
Nqo1	35
Supt4b	3
Ppbp	15
Akap9	8
Trf	15
A230028O05Rik	1
Cwh43	36
Bik	35
X1700028J19Rik	11
Bambi	12
Frat1	30
Cbln3	7
Zfp934	23
Henmt1	5
Psrc1	24
Tshz1	15
C920021L13Rik	5
Ldlrad3	4
Atp11c	24
Golga5	19
Vwf	4
Zfp449	20
Zfp558	21
Tigd3	37
Osbpl6	9
Cd209a	23
Pkd1l2	5
Fam221a	25
A930033H14Rik	4
Gm5468	1
Rtkn	20
Zc3h7a	16
Tnnt2	3
Mbtps2	24
Dnase1	4
Arg2	1
A930004D18Rik	9
Slc25a37	23
Hhat	23
Celf5	23
X4930428O21Rik	1
Klhl26	2
Ttc14	24
Fgfr2	30
Fam91a1	21
Fopnl	15
Trp73	19
Stap1	13
Cnih4	5
Rpl3l	9
Tob1	25
Ash1l	3
A330009N23Rik	2
Hsp90aa1	3
Plcxd2	4
Cpped1	4
Srrm3	8
Rgs9bp	37
Asprv1	3
Caln1	30
Lrrc61	7
Pigg	8
Zfp395	4
D5Ertd615e	34
Cnnm2	13
Cntn3	21
S1pr4	5
Tctn3	13
Enkd1	4
Thrb	24
Gm16897	8
X9130230L23Rik	2
Cpsf2	3
Ogfod3	23
Spdye4b	4
Rtel1	27
Tmem135	5
Fmnl3	23
Wnt1	17
Cd207	36
Gfra2	23
Spata7	24
Pcsk4	23
Fstl3	9
LOC105244034	5
Atg10	5
Nlrp6	1
Cd300a	15
Meiob	23
Ankrd35	1
Cox11	7
Gtf3c1	19
Hey1	4
Mixl1	21
Oplah	20
Hgfac	30
Zswim9	3
Prickle1	1
Cfap126	3
Kantr	18
Angptl4	4
X5830444B04Rik	26
Fhad1	9
Cnih1	4
Samd5	16
Znf41.ps	9
Rab11fip5	15
Mttp	3
Lhpp	5
Gm2848	22
Tmcc2	18
X4930534H03Rik	22
Pde11a	29
Cacna1b	29
Pex1	28
Sirt3	23
BC016579	1
Hapln3	8
Ybx2	35
Celsr2	21
Iqcd	5
Csnk1g2	4
Slc10a3	4
Ptprh	37
Magef1	24
Mgl2	9
S100a6	14
Tmem88b	17
Zfp710	5
Syn1	5
Sh3bgrl	24
Zfp595	5
Ddit4	5
Orm2	3
Mcemp1	2
Ints6l	30
Psmd12	18
Mir9.3hg	11
Ptpn14	10
Apof	10
Tmem218	23
Tdpoz1	19
Zfp523	19
Pla2g4c	2
Ncan	11
X1700025B11Rik	3
Ciao2b	3
Cltrn	2
Arhgef25	9
Crispld2	1
Tns2	30
Fut4	5
Lmbr1	15
Gp6	7
Cd22	22
Serac1	4
Lancl2	3
Tnfsf4	16
Gm7102	2
Cyp2a4	23
Gask1b	8
Ramp1	4
Fat1	5
Npas3	5
Lmtk3	19
Bean1	2
Snord4a	7
Abhd18	28
Crabp2	1
Cst7	3
H2.Eb2	2
H2ac11	18
Fam131b	5
Cd4	34
Fhod3	6
Gata3	10
Bmp10	16
Rbm5	3
Gpr87	2
F2rl2	24
Guca1a	5
Ddah2	18
Armc9	5
X4933439K11Rik	9
Adamtsl4	6
Cnot4	3
Syne2	10
Fbxo9	28
Zfp819	3
Shisal1	27
Dnajc15	13
Fabp4	1
Gas5	15
Mmp17	23
Iqcn	11
Dgat2	30
Ccdc146	8
Mir202	7
Med31	18
Zfp953	28
Fabp1	11
Efna1	20
Pxt1	15
AW822252	4
Sccpdh	4
Chrna2	7
Kmt5c	5
Cd200r4	34
X4930405A21Rik	3
Cetn4	8
Tnpo1	28
Arhgap39	4
Pitpnm1	1
Cetn2	15
Phc3	15
Vma21	24
Nbl1	32
Gm3414	4
H2.M2	6
A430035B10Rik	2
Cebpa	36
Elovl2	2
Klra2	28
Klrb1f	1
A930037H05Rik	10
Cyren	23
D130020L05Rik	3
Mustn1	7
Scaf1	19
Gpr84	2
Ppp1r1b	9
Trpc6	15
Tmem190	23
Fan1	35
Tspear	30
Esrra	8
Prima1	8
Mink1	9
Tmc8	18
Atp2a1	25
A3galt2	18
Il17rc	15
Eif2ak4	8
Il20rb	1
S1pr3	1
Ceacam1	7
Ptprn	2
Shcbp1l	9
Gprc5b	17
X2810021J22Rik	8
Casc4	18
Srp54b	37
Ptprr	4
Ubxn2b	23
Rab25	23
Slc15a2	6
Slc26a9	1
Cbs	23
Klhl3	11
Hoxc10	29
Slf1	6
Ebf3	4
Syp	4
Gtpbp10	28
Six5	9
Gm3002	27
Hamp2	1
Porcn	23
Gbp10	2
Hoxc6	20
Fyco1	2
E330023G01Rik	2
Ccdc177	30
Gm19897	9
Kmt2b	6
Fam174a	15
Enox1	9
Sytl4	21
Trnp1	9
Msl3l2	37
Abcb1a	16
Slc30a2	6
AI847159	13
Rgcc	14
Crct1	4
C130074G19Rik	1
X5730420D15Rik	3
Nxt2	4
Itgad	5
Igsf6	5
Nxph4	23
Zbtb17	3
Phf6	3
Creg2	4
Prxl2b	28
Pabpc1	16
Gnas	3
Gm10432	10
Stambpl1	5
Carmil1	15
Bbof1	9
Bfsp2	9
Gpn2	11
Gpr137	4
Gm10845	8
Ppm1n	17
Fjx1	7
Mt3	30
Hexim2	37
Grifin	9
Tpmt	9
Slc7a3	7
F930015N05Rik	24
H2.K2	2
Ppef2	28
X1700048O20Rik	15
Col1a1	7
Rnf150	23
Prps1	15
Car7	10
Tmem82	7
Prdm11	24
Cav2	4
Myo1d	18
Fndc1	1
Cmbl	23
Pdgfrl	5
Chadl	30
Spa17	6
Slc12a5	15
Egr4	5
Mettl22	37
Gpr176	26
Agap3	4
Klhl17	9
Hadhb	4
X2410003L11Rik	15
A830035O19Rik	1
Zfp667	9
X1600010M07Rik	9
Ttc22	9
Myh10	1
Gdf9	8
Lyrm7	23
Pros1	27
Cd19	11
Sorbs1	27
Ace2	1
Kcna2	10
Ttll4	5
Bok	20
Exoc3l	25
Muc1	7
Slco2a1	10
Nr1d1	23
Hoxa4	15
Mag	32
Sowahd	3
Gm8817	24
A430046D13Rik	5
Abcc2	23
Vsig10l	5
Shld3	23
Unc13b	19
Cnot6l	8
Ift81	8
Ccdc141	19
Ltb4r1	4
Plcb3	8
Esx1	20
Erap1	4
Gm16894	8
AA388235	5
Nectin4	16
Phospho1	4
Snta1	30
Eef1akmt3	27
Mlf1	18
Zfp773	9
Tgfb2	3
X4930526I15Rik	3
Ddx52	19
Rgs11	9
Alkbh1	3
Tmem202	8
Etnk2	6
Olfr432	1
Syna	2
Ltbp3	25
Aars2	37
Idi2	3
Amotl2	7
Sphk1	1
Ppp1r3f	3
Cnga3	6
Rn45s	29
Gpnmb	21
Phf11c	2
Atp6v0c	1
Kcnmb2	4
Per3	5
Dusp23	4
Serpinb10	5
X2410022M11Rik	1
Srxn1	2
Insr	27
Emc9	25
H2ac10	9
Plcl1	15
Actr6	5
Syn2	8
Zfp493	4
Dact1	24
Zfp579	35
Nyap1	20
Icam2	23
Gm34746	3
Tmem198b	19
Plvap	20
Nradd	13
Arhgap21	8
Ccdc28a	18
Megf10	5
Zswim8	3
Il18rap	29
Car12	4
Mrgbp	1
Tmem52b	8
Gfod2	19
Kctd16	1
Tomt	5
Krt10	37
Slc16a14	24
Parp16	15
Tcp11	3
Cd300e	7
Zfp583	35
Dnm3	11
Fkbp9	10
Rwdd2a	23
X4930509G22Rik	2
Olfr231	6
X0610039K10Rik	3
Gm36738	23
Gp1ba	9
Rbp4	9
Arhgap10	3
Orm3	3
Pla2g7	24
Caskin2	19
Carns1	19
Safb2	6
Iqch	8
Zfp865	3
H2bc11	18
Gm15708	26
Hectd2	19
Zfp688	7
Spats2l	2
Cd200r2	5
Lrmda	20
Krt13	5
Plxnb3	10
Zmynd10	9
Chrm2	24
Mmp14	1
Fcho1	27
Cc2d2a	3
Igip	22
Kcna7	19
Sox4	4
Tcp11l2	30
Gm19710	11
Fam151b	5
X1700008J07Rik	3
Wnt2b	16
Krt16	6
Mir6236	1
Cox6a2	21
Tmem159	4
Srsf4	3
Mageb3	6
Gal3st4	8
X4932441J04Rik	4
Kcnb1	27
Tmc4	18
Ssmem1	1
Prelid3a	23
X3830403N18Rik	24
Gm20556	2
Fam189a1	9
Vmn1r65	4
Mak	24
X9330020H09Rik	1
Ptgir	20
Tepsin	19
C5ar2	16
Spopfm2	19
Map3k10	18
Bcdin3d	35
Vamp1	5
Ppp4r1l.ps	2
Spen	1
C430042M11Rik	24
Fbxo47	18
Rbks	24
Fbxl12	2
Majin	2
Trim67	7
Asphd2	22
Msantd3	1
Syt6	5
Enpep	25
Slc35f3	9
Gpr135	4
Amn	7
Ptges	14
Msrb2	28
Lipt1	23
Mst1r	2
A930011G23Rik	1
Myrf	36
Zbed5	25
Lama4	13
X1810062O18Rik	3
A630089N07Rik	24
Hecw2	4
Kifc3	30
X4930520O04Rik	29
Zfp653	7
Rpph1	17
Map7	1
Hcn4	17
Mrap	30
Ldhc	19
Apoo	4
E430018J23Rik	25
Thsd7a	4
Slc7a2	16
Greb1l	24
Lingo3	9
Six3	20
Siglech	5
Inka2	22
Rab26os	23
Ngef	6
Gja6	1
Morn4	32
Glyctk	32
E130317F20Rik	11
Brinp1	8
Fam229a	10
A930013F10Rik	18
Abcg4	3
Pdpn	5
Gm973	5
Ttc39aos1	5
H2.M5	8
X6330418K02Rik	13
Sall2	30
Map6d1	6
Cpne9	3
Erbb3	3
Awat2	7
Maoa	24
Slc25a47	18
H4c4	27
Rarg	25
Snx7	4
Tbc1d16	15
X4930426L09Rik	36
Klk1	19
Sez6l2	2
Mkx	21
Cfap45	8
Zfp692	23
Slc35g3	6
X4933406J10Rik	35
Fam20a	3
Nhsl2	35
Pbld2	11
X1300002E11Rik	4
Unk	18
X0610009L18Rik	35
X2810001G20Rik	5
Gm9949	5
Scd3	4
Shd	7
Kcp	9
Trim69	2
BC039771	16
Treml2	10
Gas2	35
Stx1a	18
Tafa3	7
Dnm1	20
Mylpf	19
Phldb2	6
X4931440P22Rik	7
Jmjd7	23
Cnpy1	9
Il22ra2	34
H4c3	35
Ddah1	15
Ccdc170	9
Gm14207	25
A730020E08Rik	34
Pla2g4d	11
Apol11b	2
Zfp940	20
Zfp784	3
Gm8773	16
Eif3c	3
Clcn1	13
Tmem273	23
St8sia2	32
C4a	3
Tmem191c	23
Rab6b	23
Camk2b	32
Grm8	19
Gm10536	2
Fosb	4
X4930431P03Rik	4
Hacd1	15
Veph1	8
D830031N03Rik	14
Pdlim3	5
Gm3636	27
X4930444G20Rik	12
Olfr658	1
Loxl2	6
Arap3	28
H3c1	37
Ica1	11
Cmc4	34
D6Ertd527e	3
Rragb	5
Dppa2	16
Arhgef28	4
Nsmf	23
Zp3	28
Klra3	8
Vmn2r29	15
Mcmdc2	3
Gstp3	7
Efcab9	5
Lhx9	1
Echdc2	15
Grin1	23
Vtn	20
Mir7686	1
Upb1	7
Tctn2	18
Lrrc46	37
Pitpnc1	4
Abhd16b	10
Taf1c	37
Cib2	8
Gm5177	1
AY074887	6
Flacc1	11
H4c8	20
X1110065P20Rik	25
AA986860	11
Ddx25	1
Ass1	1
Arg1	1
Calhm4	17
Ccr1l1	8
Ccdc183	25
Hrh1	4
Bmp6	29
Mospd4	4
Cyb5r2	19
Mtss2	18
Degs2	8
Ankrd24	19
Fscn3	6
Hykk	8
Dqx1	3
Serping1	1
C030037D09Rik	11
Npas1	5
Cp	24
Tex15	3
Rlbp1	7
Rps6kl1	9
Ccdc162	5
Brpf3	3
Padi3	9
Abcc5	5
Slc22a4	27
Snhg7	23
Gm10125	14
Pcdhga5	15
Vwa7	3
Trim17	9
Tarm1	11
Perp	6
Lama3	2
Nlrp10	2
Tymp	5
B020031M17Rik	3
Wnt8b	5
Gbgt1	9
Dnajc28	5
Tekt2	19
Wdr90	23
Ppp4r4	1
Ccdc175	32
Gm14305	23
Ptgr1	10
Pappa2	2
E130102H24Rik	2
Bcar3	15
Cnksr1	1
Sh3d19	7
Zfp985	6
Itln1	17
Gm4262	21
Ch25h	2
L3hypdh	5
Slc4a1	14
Spink2	16
Gm10825	24
Pcsk1n	23
Col6a1	2
Rtl9	3
B430212C06Rik	9
Xlr4b	5
Tdpoz2	18
Tmem141	23
Arl4d	20
Bcl6b	19
Spata48	18
Ttbk1	3
X9230105E05Rik	24
Zfp607b	18
